{
  "_fv": 77,
  "_type": "villagertrade",
  "definition": {
    "tradeEntries": [
      {
        "villagerProfession": {
          "value": "CUSTOM:BoothClerk"
        },
        "entries": [
          {
            "price1": {
              "value": "Items.DIAMOND"
            },
            "countPrice1": 1,
            "price2": {
              "value": ""
            },
            "countPrice2": 1,
            "offer": {
              "value": "CUSTOM:Chips"
            },
            "countOffer": 1,
            "level": 1,
            "maxTrades": 1000,
            "xp": 5,
            "priceMultiplier": 0.05
          }
        ]
      }
    ]
  }
}