{
  "_fv": 77,
  "_type": "gui",
  "definition": {
    "type": 1,
    "width": 176,
    "height": 166,
    "inventoryOffsetX": 0,
    "inventoryOffsetY": 0,
    "renderBgLayer": true,
    "doesPauseGame": false,
    "components": [
      {
        "type": "inputslot",
        "data": {
          "inputLimit": {
            "value": ""
          },
          "disablePlacement": {
            "fixedValue": false
          },
          "id": 0,
          "disablePickup": {
            "fixedValue": false
          },
          "dropItemsWhenNotBound": true,
          "x": 132,
          "y": 44,
          "locked": false
        }
      },
      {
        "type": "outputslot",
        "data": {
          "id": 1,
          "disablePickup": {
            "fixedValue": false
          },
          "dropItemsWhenNotBound": true,
          "x": 267,
          "y": 44,
          "locked": false
        }
      },
      {
        "type": "textfield",
        "data": {
          "placeholder": "#",
          "name": "lotteryTicketNumber",
          "width": 120,
          "height": 20,
          "x": 132,
          "y": 71,
          "locked": false
        }
      },
      {
        "type": "button",
        "data": {
          "name": "button_input",
          "text": "Input",
          "isUndecorated": false,
          "width": 51,
          "height": 20,
          "x": 240,
          "y": 98,
          "locked": false
        }
      }
    ],
    "gridSettings": {
      "sx": 18,
      "sy": 18,
      "ox": 11,
      "oy": 15,
      "snapOnGrid": true
    }
  }
}