{
  "_fv": 77,
  "_type": "gui",
  "definition": {
    "type": 1,
    "width": 176,
    "height": 166,
    "inventoryOffsetX": 0,
    "inventoryOffsetY": 0,
    "renderBgLayer": true,
    "doesPauseGame": true,
    "components": [
      {
        "type": "button",
        "data": {
          "name": "button_test",
          "text": "SPIN!",
          "isUndecorated": false,
          "onClick": {
            "name": "SlotsProcedure"
          },
          "width": 46,
          "height": 20,
          "x": 177,
          "y": 98,
          "locked": false
        }
      },
      {
        "type": "inputslot",
        "data": {
          "inputLimit": {
            "value": ""
          },
          "disablePlacement": {
            "fixedValue": false
          },
          "id": 0,
          "disablePickup": {
            "fixedValue": false
          },
          "dropItemsWhenNotBound": true,
          "x": 132,
          "y": 44,
          "locked": false
        }
      },
      {
        "type": "outputslot",
        "data": {
          "id": 1,
          "disablePickup": {
            "fixedValue": true
          },
          "dropItemsWhenNotBound": true,
          "x": 159,
          "y": 71,
          "locked": false
        }
      },
      {
        "type": "outputslot",
        "data": {
          "id": 2,
          "disablePickup": {
            "fixedValue": true
          },
          "dropItemsWhenNotBound": true,
          "x": 222,
          "y": 71,
          "locked": false
        }
      },
      {
        "type": "outputslot",
        "data": {
          "id": 3,
          "disablePickup": {
            "fixedValue": false
          },
          "dropItemsWhenNotBound": true,
          "onTakenFromSlot": {
            "name": "SlotsClearProcedure"
          },
          "onStackTransfer": {
            "name": "SlotsClearProcedure"
          },
          "x": 267,
          "y": 98,
          "locked": false
        }
      }
    ],
    "gridSettings": {
      "sx": 18,
      "sy": 18,
      "ox": 11,
      "oy": 15,
      "snapOnGrid": true
    }
  }
}